clip,seizure,early
Patient_1_test_segment_1.mat,0,0
Patient_1_test_segment_2.mat,1,0
Patient_1_test_segment_3.mat,1,0
Patient_1_test_segment_4.mat,1,1
Patient_1_test_segment_5.mat,0,0
Patient_1_test_segment_6.mat,1,1
Patient_1_test_segment_7.mat,1,1
Patient_1_test_segment_8.mat,1,0
Patient_1_test_segment_9.mat,1,1
Patient_1_test_segment_10.mat,1,0
Patient_1_test_segment_11.mat,0,1
Patient_1_test_segment_12.mat,0,0
Patient_1_test_segment_13.mat,1,0
Patient_1_test_segment_14.mat,1,0
Patient_1_test_segment_15.mat,0,0
Patient_1_test_segment_16.mat,0,0
Patient_1_test_segment_17.mat,1,0
Patient_1_test_segment_18.mat,0,1
Patient_1_test_segment_19.mat,0,0
Patient_1_test_segment_20.mat,0,0
Patient_1_test_segment_21.mat,1,0
Patient_1_test_segment_22.mat,0,0
Patient_1_test_segment_23.mat,0,1
Patient_1_test_segment_24.mat,0,0
Patient_1_test_segment_25.mat,1,1
Patient_1_test_segment_26.mat,1,1
Patient_1_test_segment_27.mat,1,1
Patient_1_test_segment_28.mat,1,1
Patient_1_test_segment_29.mat,1,1
Patient_1_test_segment_30.mat,1,1
Patient_1_test_segment_31.mat,0,0
Patient_1_test_segment_32.mat,0,0
Patient_1_test_segment_33.mat,0,1
Patient_1_test_segment_34.mat,1,1
Patient_1_test_segment_35.mat,1,1
Patient_1_test_segment_36.mat,0,0
Patient_1_test_segment_37.mat,0,1
Patient_1_test_segment_38.mat,1,1
Patient_1_test_segment_39.mat,1,1
Patient_1_test_segment_40.mat,0,0
Patient_1_test_segment_41.mat,1,0
Patient_1_test_segment_42.mat,0,0
Patient_1_test_segment_43.mat,1,1
Patient_1_test_segment_44.mat,0,1
Patient_1_test_segment_45.mat,1,0
Patient_1_test_segment_46.mat,0,1
Patient_1_test_segment_47.mat,1,1
Patient_1_test_segment_48.mat,1,0
Patient_1_test_segment_49.mat,0,1
Patient_1_test_segment_50.mat,1,0
Patient_1_test_segment_51.mat,0,0
Patient_1_test_segment_52.mat,0,1
Patient_1_test_segment_53.mat,0,0
Patient_1_test_segment_54.mat,1,0
Patient_1_test_segment_55.mat,0,1
Patient_1_test_segment_56.mat,0,1
Patient_1_test_segment_57.mat,1,1
Patient_1_test_segment_58.mat,0,1
Patient_1_test_segment_59.mat,1,0
Patient_1_test_segment_60.mat,0,1
Patient_1_test_segment_61.mat,0,0
Patient_1_test_segment_62.mat,1,0
Patient_1_test_segment_63.mat,0,0
Patient_1_test_segment_64.mat,1,1
Patient_1_test_segment_65.mat,1,1
Patient_1_test_segment_66.mat,0,0
Patient_1_test_segment_67.mat,0,1
Patient_1_test_segment_68.mat,1,0
Patient_1_test_segment_69.mat,0,1
Patient_1_test_segment_70.mat,0,1
Patient_1_test_segment_71.mat,0,1
Patient_1_test_segment_72.mat,0,1
Patient_1_test_segment_73.mat,0,1
Patient_1_test_segment_74.mat,1,0
Patient_1_test_segment_75.mat,0,1
Patient_1_test_segment_76.mat,1,0
Patient_1_test_segment_77.mat,0,0
Patient_1_test_segment_78.mat,0,0
Patient_1_test_segment_79.mat,0,0
Patient_1_test_segment_80.mat,1,0
Patient_1_test_segment_81.mat,1,1
Patient_1_test_segment_82.mat,0,0
Patient_1_test_segment_83.mat,0,0
Patient_1_test_segment_84.mat,0,1
Patient_1_test_segment_85.mat,0,1
Patient_1_test_segment_86.mat,1,1
Patient_1_test_segment_87.mat,0,1
Patient_1_test_segment_88.mat,1,1
Patient_1_test_segment_89.mat,1,0
Patient_1_test_segment_90.mat,1,0
Patient_1_test_segment_91.mat,0,0
Patient_1_test_segment_92.mat,1,1
Patient_1_test_segment_93.mat,1,0
Patient_1_test_segment_94.mat,1,0
Patient_1_test_segment_95.mat,1,0
Patient_1_test_segment_96.mat,1,0
Patient_1_test_segment_97.mat,0,1
Patient_1_test_segment_98.mat,1,1
Patient_1_test_segment_99.mat,0,0
Patient_1_test_segment_100.mat,1,1
Patient_1_test_segment_101.mat,1,1
Patient_1_test_segment_102.mat,1,1
Patient_1_test_segment_103.mat,1,0
Patient_1_test_segment_104.mat,1,1
Patient_1_test_segment_105.mat,0,0
Patient_1_test_segment_106.mat,1,0
Patient_1_test_segment_107.mat,0,0
Patient_1_test_segment_108.mat,0,1
Patient_1_test_segment_109.mat,1,0
Patient_1_test_segment_110.mat,1,0
Patient_1_test_segment_111.mat,0,0
Patient_1_test_segment_112.mat,1,1
Patient_1_test_segment_113.mat,0,1
Patient_1_test_segment_114.mat,1,1
Patient_1_test_segment_115.mat,0,0
Patient_1_test_segment_116.mat,0,0
Patient_1_test_segment_117.mat,0,0
Patient_1_test_segment_118.mat,1,1
Patient_1_test_segment_119.mat,0,1
Patient_1_test_segment_120.mat,0,0
Patient_1_test_segment_121.mat,1,0
Patient_1_test_segment_122.mat,0,0
Patient_1_test_segment_123.mat,0,0
Patient_1_test_segment_124.mat,0,1
Patient_1_test_segment_125.mat,1,0
Patient_1_test_segment_126.mat,0,1
Patient_1_test_segment_127.mat,0,1
Patient_1_test_segment_128.mat,0,1
Patient_1_test_segment_129.mat,0,0
Patient_1_test_segment_130.mat,1,0
Patient_1_test_segment_131.mat,0,1
Patient_1_test_segment_132.mat,1,1
Patient_1_test_segment_133.mat,0,0
Patient_1_test_segment_134.mat,1,0
Patient_1_test_segment_135.mat,0,0
Patient_1_test_segment_136.mat,1,1
Patient_1_test_segment_137.mat,0,1
Patient_1_test_segment_138.mat,0,0
Patient_1_test_segment_139.mat,1,0
Patient_1_test_segment_140.mat,0,0
Patient_1_test_segment_141.mat,0,1
Patient_1_test_segment_142.mat,1,1
Patient_1_test_segment_143.mat,1,0
Patient_1_test_segment_144.mat,0,0
Patient_1_test_segment_145.mat,0,0
Patient_1_test_segment_146.mat,0,0
Patient_1_test_segment_147.mat,0,0
Patient_1_test_segment_148.mat,1,0
Patient_1_test_segment_149.mat,0,0
Patient_1_test_segment_150.mat,0,1
Patient_1_test_segment_151.mat,1,0
Patient_1_test_segment_152.mat,1,1
Patient_1_test_segment_153.mat,1,1
Patient_1_test_segment_154.mat,0,0
Patient_1_test_segment_155.mat,1,0
Patient_1_test_segment_156.mat,1,1
Patient_1_test_segment_157.mat,0,1
Patient_1_test_segment_158.mat,0,1
Patient_1_test_segment_159.mat,1,0
Patient_1_test_segment_160.mat,0,1
Patient_1_test_segment_161.mat,0,1
Patient_1_test_segment_162.mat,1,1
Patient_1_test_segment_163.mat,0,1
Patient_1_test_segment_164.mat,1,1
Patient_1_test_segment_165.mat,1,0
Patient_1_test_segment_166.mat,0,1
Patient_1_test_segment_167.mat,1,1
Patient_1_test_segment_168.mat,0,0
Patient_1_test_segment_169.mat,1,0
Patient_1_test_segment_170.mat,0,0
Patient_1_test_segment_171.mat,1,1
Patient_1_test_segment_172.mat,1,1
Patient_1_test_segment_173.mat,0,1
Patient_1_test_segment_174.mat,0,0
Patient_1_test_segment_175.mat,1,0
Patient_1_test_segment_176.mat,1,1
Patient_1_test_segment_177.mat,0,0
Patient_1_test_segment_178.mat,0,0
Patient_1_test_segment_179.mat,0,1
Patient_1_test_segment_180.mat,1,1
Patient_1_test_segment_181.mat,1,0
Patient_1_test_segment_182.mat,1,0
Patient_1_test_segment_183.mat,0,1
Patient_1_test_segment_184.mat,1,0
Patient_1_test_segment_185.mat,0,1
Patient_1_test_segment_186.mat,1,1
Patient_1_test_segment_187.mat,0,0
Patient_1_test_segment_188.mat,1,0
Patient_1_test_segment_189.mat,1,1
Patient_1_test_segment_190.mat,1,1
Patient_1_test_segment_191.mat,0,1
Patient_1_test_segment_192.mat,1,0
Patient_1_test_segment_193.mat,1,1
Patient_1_test_segment_194.mat,0,0
Patient_1_test_segment_195.mat,1,1
Patient_1_test_segment_196.mat,0,1
Patient_1_test_segment_197.mat,1,1
Patient_1_test_segment_198.mat,1,0
Patient_1_test_segment_199.mat,1,1
Patient_1_test_segment_200.mat,1,1
Patient_1_test_segment_201.mat,0,1
Patient_1_test_segment_202.mat,0,1
Patient_1_test_segment_203.mat,0,0
Patient_1_test_segment_204.mat,0,0
Patient_1_test_segment_205.mat,1,0
Patient_1_test_segment_206.mat,0,1
Patient_1_test_segment_207.mat,1,1
Patient_1_test_segment_208.mat,1,0
Patient_1_test_segment_209.mat,0,1
Patient_1_test_segment_210.mat,0,1
Patient_1_test_segment_211.mat,0,1
Patient_1_test_segment_212.mat,0,0
Patient_1_test_segment_213.mat,1,1
Patient_1_test_segment_214.mat,1,0
Patient_1_test_segment_215.mat,1,0
Patient_1_test_segment_216.mat,1,1
Patient_1_test_segment_217.mat,0,0
Patient_1_test_segment_218.mat,1,0
Patient_1_test_segment_219.mat,1,0
Patient_1_test_segment_220.mat,0,1
Patient_1_test_segment_221.mat,0,1
Patient_1_test_segment_222.mat,1,0
Patient_1_test_segment_223.mat,0,1
Patient_1_test_segment_224.mat,0,0
Patient_1_test_segment_225.mat,1,1
Patient_1_test_segment_226.mat,0,0
Patient_1_test_segment_227.mat,1,0
Patient_1_test_segment_228.mat,0,1
Patient_1_test_segment_229.mat,1,1
Patient_1_test_segment_230.mat,1,0
Patient_1_test_segment_231.mat,0,1
Patient_1_test_segment_232.mat,0,0
Patient_1_test_segment_233.mat,1,0
Patient_1_test_segment_234.mat,0,0
Patient_1_test_segment_235.mat,0,0
Patient_1_test_segment_236.mat,1,0
Patient_1_test_segment_237.mat,0,1
Patient_1_test_segment_238.mat,1,1
Patient_1_test_segment_239.mat,0,0
Patient_1_test_segment_240.mat,0,0
Patient_1_test_segment_241.mat,1,0
Patient_1_test_segment_242.mat,0,0
Patient_1_test_segment_243.mat,1,1
Patient_1_test_segment_244.mat,1,0
Patient_1_test_segment_245.mat,1,1
Patient_1_test_segment_246.mat,1,1
Patient_1_test_segment_247.mat,1,0
Patient_1_test_segment_248.mat,0,1
Patient_1_test_segment_249.mat,1,0
Patient_1_test_segment_250.mat,1,1
Patient_1_test_segment_251.mat,0,1
Patient_1_test_segment_252.mat,1,0
Patient_1_test_segment_253.mat,0,0
Patient_1_test_segment_254.mat,0,0
Patient_1_test_segment_255.mat,1,0
Patient_1_test_segment_256.mat,1,0
Patient_1_test_segment_257.mat,1,0
Patient_1_test_segment_258.mat,1,1
Patient_1_test_segment_259.mat,0,0
Patient_1_test_segment_260.mat,0,0
Patient_1_test_segment_261.mat,0,0
Patient_1_test_segment_262.mat,1,1
Patient_1_test_segment_263.mat,1,1
Patient_1_test_segment_264.mat,1,0
Patient_1_test_segment_265.mat,1,1
Patient_1_test_segment_266.mat,1,1
Patient_1_test_segment_267.mat,0,1
Patient_1_test_segment_268.mat,0,0
Patient_1_test_segment_269.mat,0,0
Patient_1_test_segment_270.mat,1,1
Patient_1_test_segment_271.mat,0,1
Patient_1_test_segment_272.mat,1,1
Patient_1_test_segment_273.mat,1,0
Patient_1_test_segment_274.mat,0,1
Patient_1_test_segment_275.mat,0,0
Patient_1_test_segment_276.mat,1,0
Patient_1_test_segment_277.mat,0,0
Patient_1_test_segment_278.mat,1,0
Patient_1_test_segment_279.mat,0,0
Patient_1_test_segment_280.mat,0,0
Patient_1_test_segment_281.mat,0,0
Patient_1_test_segment_282.mat,1,1
Patient_1_test_segment_283.mat,0,1
Patient_1_test_segment_284.mat,0,1
Patient_1_test_segment_285.mat,0,0
Patient_1_test_segment_286.mat,0,0
Patient_1_test_segment_287.mat,0,0
Patient_1_test_segment_288.mat,1,1
Patient_1_test_segment_289.mat,1,0
Patient_1_test_segment_290.mat,1,1
Patient_1_test_segment_291.mat,0,0
Patient_1_test_segment_292.mat,1,1
Patient_1_test_segment_293.mat,1,1
Patient_1_test_segment_294.mat,1,0
Patient_1_test_segment_295.mat,0,1
Patient_1_test_segment_296.mat,0,1
Patient_1_test_segment_297.mat,1,0
Patient_1_test_segment_298.mat,0,0
Patient_1_test_segment_299.mat,0,0
Patient_1_test_segment_300.mat,1,0
Patient_1_test_segment_301.mat,1,1
Patient_1_test_segment_302.mat,1,1
Patient_1_test_segment_303.mat,0,1
Patient_1_test_segment_304.mat,1,1
Patient_1_test_segment_305.mat,1,0
Patient_1_test_segment_306.mat,1,1
Patient_1_test_segment_307.mat,1,0
Patient_1_test_segment_308.mat,1,0
Patient_1_test_segment_309.mat,0,0
Patient_1_test_segment_310.mat,1,1
Patient_1_test_segment_311.mat,1,0
Patient_1_test_segment_312.mat,0,1
Patient_1_test_segment_313.mat,0,0
Patient_1_test_segment_314.mat,1,0
Patient_1_test_segment_315.mat,1,1
Patient_1_test_segment_316.mat,0,1
Patient_1_test_segment_317.mat,0,0
Patient_1_test_segment_318.mat,1,0
Patient_1_test_segment_319.mat,1,1
Patient_1_test_segment_320.mat,1,1
Patient_1_test_segment_321.mat,0,0
Patient_1_test_segment_322.mat,0,0
Patient_1_test_segment_323.mat,0,0
Patient_1_test_segment_324.mat,1,1
Patient_1_test_segment_325.mat,0,1
Patient_1_test_segment_326.mat,1,0
Patient_1_test_segment_327.mat,1,1
Patient_1_test_segment_328.mat,1,1
Patient_1_test_segment_329.mat,1,1
Patient_1_test_segment_330.mat,1,1
Patient_1_test_segment_331.mat,0,0
Patient_1_test_segment_332.mat,1,1
Patient_1_test_segment_333.mat,0,0
Patient_1_test_segment_334.mat,1,1
Patient_1_test_segment_335.mat,0,1
Patient_1_test_segment_336.mat,0,0
Patient_1_test_segment_337.mat,1,1
Patient_1_test_segment_338.mat,1,1
Patient_1_test_segment_339.mat,0,1
Patient_1_test_segment_340.mat,0,0
Patient_1_test_segment_341.mat,1,0
Patient_1_test_segment_342.mat,1,1
Patient_1_test_segment_343.mat,0,0
Patient_1_test_segment_344.mat,1,1
Patient_1_test_segment_345.mat,1,1
Patient_1_test_segment_346.mat,1,0
Patient_1_test_segment_347.mat,1,1
Patient_1_test_segment_348.mat,1,0
Patient_1_test_segment_349.mat,0,1
Patient_1_test_segment_350.mat,1,1
Patient_1_test_segment_351.mat,0,1
Patient_1_test_segment_352.mat,0,1
Patient_1_test_segment_353.mat,0,0
Patient_1_test_segment_354.mat,1,0
Patient_1_test_segment_355.mat,1,0
Patient_1_test_segment_356.mat,1,1
Patient_1_test_segment_357.mat,1,1
Patient_1_test_segment_358.mat,0,0
Patient_1_test_segment_359.mat,1,0
Patient_1_test_segment_360.mat,0,1
Patient_1_test_segment_361.mat,0,0
Patient_1_test_segment_362.mat,1,1
Patient_1_test_segment_363.mat,1,0
Patient_1_test_segment_364.mat,1,0
Patient_1_test_segment_365.mat,0,0
Patient_1_test_segment_366.mat,1,0
Patient_1_test_segment_367.mat,0,0
Patient_1_test_segment_368.mat,1,1
Patient_1_test_segment_369.mat,1,1
Patient_1_test_segment_370.mat,0,1
Patient_1_test_segment_371.mat,1,0
Patient_1_test_segment_372.mat,0,0
Patient_1_test_segment_373.mat,1,1
Patient_1_test_segment_374.mat,0,0
Patient_1_test_segment_375.mat,1,1
Patient_1_test_segment_376.mat,1,1
Patient_1_test_segment_377.mat,1,1
Patient_1_test_segment_378.mat,1,1
Patient_1_test_segment_379.mat,1,1
Patient_1_test_segment_380.mat,0,1
Patient_1_test_segment_381.mat,0,1
Patient_1_test_segment_382.mat,1,0
Patient_1_test_segment_383.mat,1,1
Patient_1_test_segment_384.mat,1,0
Patient_1_test_segment_385.mat,1,1
Patient_1_test_segment_386.mat,0,1
Patient_1_test_segment_387.mat,0,0
Patient_1_test_segment_388.mat,1,1
Patient_1_test_segment_389.mat,0,0
Patient_1_test_segment_390.mat,0,1
Patient_1_test_segment_391.mat,1,1
Patient_1_test_segment_392.mat,0,0
Patient_1_test_segment_393.mat,1,1
Patient_1_test_segment_394.mat,1,1
Patient_1_test_segment_395.mat,0,1
Patient_1_test_segment_396.mat,1,1
Patient_1_test_segment_397.mat,0,0
Patient_1_test_segment_398.mat,1,0
Patient_1_test_segment_399.mat,1,1
Patient_1_test_segment_400.mat,1,1
Patient_1_test_segment_401.mat,1,1
Patient_1_test_segment_402.mat,0,1
Patient_1_test_segment_403.mat,0,0
Patient_1_test_segment_404.mat,1,1
Patient_1_test_segment_405.mat,1,0
Patient_1_test_segment_406.mat,0,1
Patient_1_test_segment_407.mat,1,1
Patient_1_test_segment_408.mat,0,0
Patient_1_test_segment_409.mat,0,0
Patient_1_test_segment_410.mat,0,1
Patient_1_test_segment_411.mat,0,0
Patient_1_test_segment_412.mat,0,1
Patient_1_test_segment_413.mat,0,1
Patient_1_test_segment_414.mat,0,0
Patient_1_test_segment_415.mat,0,1
Patient_1_test_segment_416.mat,0,1
Patient_1_test_segment_417.mat,1,1
Patient_1_test_segment_418.mat,0,0
Patient_1_test_segment_419.mat,0,0
Patient_1_test_segment_420.mat,0,0
Patient_1_test_segment_421.mat,1,1
Patient_1_test_segment_422.mat,1,1
Patient_1_test_segment_423.mat,0,1
Patient_1_test_segment_424.mat,1,1
Patient_1_test_segment_425.mat,0,0
Patient_1_test_segment_426.mat,1,1
Patient_1_test_segment_427.mat,1,0
Patient_1_test_segment_428.mat,1,1
Patient_1_test_segment_429.mat,0,1
Patient_1_test_segment_430.mat,0,1
Patient_1_test_segment_431.mat,0,1
Patient_1_test_segment_432.mat,1,1
Patient_1_test_segment_433.mat,0,0
Patient_1_test_segment_434.mat,0,1
Patient_1_test_segment_435.mat,1,1
Patient_1_test_segment_436.mat,1,0
Patient_1_test_segment_437.mat,1,0
Patient_1_test_segment_438.mat,0,0
Patient_1_test_segment_439.mat,1,0
Patient_1_test_segment_440.mat,1,1
Patient_1_test_segment_441.mat,0,1
Patient_1_test_segment_442.mat,0,1
Patient_1_test_segment_443.mat,1,0
Patient_1_test_segment_444.mat,0,0
Patient_1_test_segment_445.mat,1,0
Patient_1_test_segment_446.mat,1,0
Patient_1_test_segment_447.mat,1,1
Patient_1_test_segment_448.mat,0,1
Patient_1_test_segment_449.mat,0,0
Patient_1_test_segment_450.mat,1,0
Patient_1_test_segment_451.mat,1,0
Patient_1_test_segment_452.mat,1,1
Patient_1_test_segment_453.mat,0,1
Patient_1_test_segment_454.mat,0,1
Patient_1_test_segment_455.mat,0,1
Patient_1_test_segment_456.mat,1,1
Patient_1_test_segment_457.mat,1,0
Patient_1_test_segment_458.mat,0,0
Patient_1_test_segment_459.mat,0,1
Patient_1_test_segment_460.mat,0,0
Patient_1_test_segment_461.mat,0,1
Patient_1_test_segment_462.mat,1,1
Patient_1_test_segment_463.mat,1,1
Patient_1_test_segment_464.mat,1,1
Patient_1_test_segment_465.mat,1,1
Patient_1_test_segment_466.mat,0,0
Patient_1_test_segment_467.mat,1,0
Patient_1_test_segment_468.mat,0,0
Patient_1_test_segment_469.mat,1,1
Patient_1_test_segment_470.mat,1,0
Patient_1_test_segment_471.mat,0,1
Patient_1_test_segment_472.mat,0,1
Patient_1_test_segment_473.mat,0,0
Patient_1_test_segment_474.mat,0,0
Patient_1_test_segment_475.mat,0,0
Patient_1_test_segment_476.mat,1,0
Patient_1_test_segment_477.mat,1,1
Patient_1_test_segment_478.mat,1,1
Patient_1_test_segment_479.mat,0,0
Patient_1_test_segment_480.mat,0,1
Patient_1_test_segment_481.mat,0,0
Patient_1_test_segment_482.mat,1,1
Patient_1_test_segment_483.mat,0,0
Patient_1_test_segment_484.mat,1,1
Patient_1_test_segment_485.mat,1,0
Patient_1_test_segment_486.mat,1,1
Patient_1_test_segment_487.mat,0,0
Patient_1_test_segment_488.mat,1,0
Patient_1_test_segment_489.mat,0,1
Patient_1_test_segment_490.mat,1,0
Patient_1_test_segment_491.mat,1,1
Patient_1_test_segment_492.mat,1,1
Patient_1_test_segment_493.mat,0,0
Patient_1_test_segment_494.mat,0,0
Patient_1_test_segment_495.mat,0,0
Patient_1_test_segment_496.mat,0,1
Patient_1_test_segment_497.mat,1,0
Patient_1_test_segment_498.mat,1,0
Patient_1_test_segment_499.mat,0,1
Patient_1_test_segment_500.mat,0,0
Patient_1_test_segment_501.mat,1,0
Patient_1_test_segment_502.mat,0,1
Patient_1_test_segment_503.mat,0,1
Patient_1_test_segment_504.mat,0,0
Patient_1_test_segment_505.mat,0,0
Patient_1_test_segment_506.mat,0,0
Patient_1_test_segment_507.mat,0,0
Patient_1_test_segment_508.mat,0,0
Patient_1_test_segment_509.mat,0,1
Patient_1_test_segment_510.mat,0,0
Patient_1_test_segment_511.mat,1,1
Patient_1_test_segment_512.mat,0,1
Patient_1_test_segment_513.mat,1,0
Patient_1_test_segment_514.mat,1,1
Patient_1_test_segment_515.mat,0,1
Patient_1_test_segment_516.mat,1,0
Patient_1_test_segment_517.mat,1,1
Patient_1_test_segment_518.mat,1,1
Patient_1_test_segment_519.mat,0,1
Patient_1_test_segment_520.mat,1,0
Patient_1_test_segment_521.mat,1,0
Patient_1_test_segment_522.mat,1,1
Patient_1_test_segment_523.mat,0,1
Patient_1_test_segment_524.mat,1,0
Patient_1_test_segment_525.mat,1,0
Patient_1_test_segment_526.mat,1,0
Patient_1_test_segment_527.mat,0,1
Patient_1_test_segment_528.mat,1,0
Patient_1_test_segment_529.mat,1,0
Patient_1_test_segment_530.mat,0,1
Patient_1_test_segment_531.mat,1,0
Patient_1_test_segment_532.mat,1,1
Patient_1_test_segment_533.mat,1,1
Patient_1_test_segment_534.mat,0,0
Patient_1_test_segment_535.mat,0,0
Patient_1_test_segment_536.mat,0,1
Patient_1_test_segment_537.mat,1,1
Patient_1_test_segment_538.mat,1,1
Patient_1_test_segment_539.mat,1,1
Patient_1_test_segment_540.mat,0,0
Patient_1_test_segment_541.mat,0,0
Patient_1_test_segment_542.mat,0,0
Patient_1_test_segment_543.mat,1,0
Patient_1_test_segment_544.mat,0,0
Patient_1_test_segment_545.mat,1,0
Patient_1_test_segment_546.mat,0,1
Patient_1_test_segment_547.mat,1,0
Patient_1_test_segment_548.mat,0,0
Patient_1_test_segment_549.mat,0,0
Patient_1_test_segment_550.mat,0,0
Patient_1_test_segment_551.mat,0,1
Patient_1_test_segment_552.mat,0,0
Patient_1_test_segment_553.mat,0,0
Patient_1_test_segment_554.mat,1,0
Patient_1_test_segment_555.mat,1,0
Patient_1_test_segment_556.mat,0,1
Patient_1_test_segment_557.mat,0,0
Patient_1_test_segment_558.mat,0,0
Patient_1_test_segment_559.mat,0,1
Patient_1_test_segment_560.mat,1,1
Patient_1_test_segment_561.mat,1,1
Patient_1_test_segment_562.mat,0,1
Patient_1_test_segment_563.mat,1,0
Patient_1_test_segment_564.mat,1,1
Patient_1_test_segment_565.mat,0,0
Patient_1_test_segment_566.mat,0,0
Patient_1_test_segment_567.mat,0,1
Patient_1_test_segment_568.mat,1,1
Patient_1_test_segment_569.mat,0,0
Patient_1_test_segment_570.mat,1,0
Patient_1_test_segment_571.mat,0,1
Patient_1_test_segment_572.mat,1,1
Patient_1_test_segment_573.mat,1,1
Patient_1_test_segment_574.mat,1,1
Patient_1_test_segment_575.mat,0,1
Patient_1_test_segment_576.mat,1,0
Patient_1_test_segment_577.mat,1,1
Patient_1_test_segment_578.mat,1,1
Patient_1_test_segment_579.mat,1,0
Patient_1_test_segment_580.mat,0,0
Patient_1_test_segment_581.mat,0,1
Patient_1_test_segment_582.mat,0,1
Patient_1_test_segment_583.mat,1,0
Patient_1_test_segment_584.mat,0,0
Patient_1_test_segment_585.mat,0,0
Patient_1_test_segment_586.mat,0,1
Patient_1_test_segment_587.mat,1,1
Patient_1_test_segment_588.mat,0,1
Patient_1_test_segment_589.mat,0,0
Patient_1_test_segment_590.mat,1,0
Patient_1_test_segment_591.mat,1,0
Patient_1_test_segment_592.mat,0,1
Patient_1_test_segment_593.mat,0,0
Patient_1_test_segment_594.mat,0,0
Patient_1_test_segment_595.mat,0,1
Patient_1_test_segment_596.mat,1,0
Patient_1_test_segment_597.mat,1,0
Patient_1_test_segment_598.mat,1,0
Patient_1_test_segment_599.mat,0,1
Patient_1_test_segment_600.mat,0,1
Patient_1_test_segment_601.mat,1,1
Patient_1_test_segment_602.mat,0,1
Patient_1_test_segment_603.mat,1,1
Patient_1_test_segment_604.mat,0,1
Patient_1_test_segment_605.mat,0,1
Patient_1_test_segment_606.mat,1,0
Patient_1_test_segment_607.mat,1,1
Patient_1_test_segment_608.mat,0,0
Patient_1_test_segment_609.mat,0,1
Patient_1_test_segment_610.mat,0,1
Patient_1_test_segment_611.mat,1,0
Patient_1_test_segment_612.mat,1,1
Patient_1_test_segment_613.mat,0,0
Patient_1_test_segment_614.mat,1,0
Patient_1_test_segment_615.mat,0,0
Patient_1_test_segment_616.mat,0,1
Patient_1_test_segment_617.mat,0,1
Patient_1_test_segment_618.mat,0,0
Patient_1_test_segment_619.mat,0,0
Patient_1_test_segment_620.mat,0,0
Patient_1_test_segment_621.mat,1,1
Patient_1_test_segment_622.mat,0,1
Patient_1_test_segment_623.mat,0,1
Patient_1_test_segment_624.mat,1,0
Patient_1_test_segment_625.mat,1,1
Patient_1_test_segment_626.mat,0,1
Patient_1_test_segment_627.mat,1,1
Patient_1_test_segment_628.mat,0,1
Patient_1_test_segment_629.mat,1,0
Patient_1_test_segment_630.mat,0,1
Patient_1_test_segment_631.mat,1,1
Patient_1_test_segment_632.mat,0,0
Patient_1_test_segment_633.mat,0,0
Patient_1_test_segment_634.mat,0,0
Patient_1_test_segment_635.mat,1,1
Patient_1_test_segment_636.mat,0,0
Patient_1_test_segment_637.mat,0,1
Patient_1_test_segment_638.mat,0,1
Patient_1_test_segment_639.mat,1,1
Patient_1_test_segment_640.mat,0,0
Patient_1_test_segment_641.mat,0,0
Patient_1_test_segment_642.mat,0,0
Patient_1_test_segment_643.mat,0,0
Patient_1_test_segment_644.mat,0,0
Patient_1_test_segment_645.mat,0,1
Patient_1_test_segment_646.mat,1,1
Patient_1_test_segment_647.mat,0,1
Patient_1_test_segment_648.mat,0,1
Patient_1_test_segment_649.mat,0,0
Patient_1_test_segment_650.mat,1,1
Patient_1_test_segment_651.mat,0,1
Patient_1_test_segment_652.mat,1,1
Patient_1_test_segment_653.mat,1,0
Patient_1_test_segment_654.mat,1,1
Patient_1_test_segment_655.mat,1,0
Patient_1_test_segment_656.mat,0,1
Patient_1_test_segment_657.mat,1,0
Patient_1_test_segment_658.mat,1,0
Patient_1_test_segment_659.mat,0,1
Patient_1_test_segment_660.mat,1,0
Patient_1_test_segment_661.mat,0,0
Patient_1_test_segment_662.mat,1,0
Patient_1_test_segment_663.mat,1,1
Patient_1_test_segment_664.mat,0,0
Patient_1_test_segment_665.mat,0,1
Patient_1_test_segment_666.mat,1,0
Patient_1_test_segment_667.mat,1,1
Patient_1_test_segment_668.mat,0,1
Patient_1_test_segment_669.mat,0,0
Patient_1_test_segment_670.mat,0,0
Patient_1_test_segment_671.mat,1,1
Patient_1_test_segment_672.mat,1,0
Patient_1_test_segment_673.mat,1,1
Patient_1_test_segment_674.mat,1,1
Patient_1_test_segment_675.mat,1,0
Patient_1_test_segment_676.mat,0,0
Patient_1_test_segment_677.mat,0,0
Patient_1_test_segment_678.mat,1,1
Patient_1_test_segment_679.mat,0,0
Patient_1_test_segment_680.mat,1,0
Patient_1_test_segment_681.mat,0,1
Patient_1_test_segment_682.mat,0,1
Patient_1_test_segment_683.mat,0,1
Patient_1_test_segment_684.mat,1,1
Patient_1_test_segment_685.mat,0,0
Patient_1_test_segment_686.mat,0,1
Patient_1_test_segment_687.mat,0,0
Patient_1_test_segment_688.mat,1,1
Patient_1_test_segment_689.mat,1,0
Patient_1_test_segment_690.mat,0,0
Patient_1_test_segment_691.mat,0,0
Patient_1_test_segment_692.mat,0,1
Patient_1_test_segment_693.mat,1,0
Patient_1_test_segment_694.mat,1,1
Patient_1_test_segment_695.mat,0,1
Patient_1_test_segment_696.mat,0,0
Patient_1_test_segment_697.mat,0,0
Patient_1_test_segment_698.mat,0,0
Patient_1_test_segment_699.mat,1,1
Patient_1_test_segment_700.mat,0,1
Patient_1_test_segment_701.mat,1,1
Patient_1_test_segment_702.mat,0,1
Patient_1_test_segment_703.mat,0,0
Patient_1_test_segment_704.mat,1,1
Patient_1_test_segment_705.mat,1,1
Patient_1_test_segment_706.mat,1,0
Patient_1_test_segment_707.mat,0,1
Patient_1_test_segment_708.mat,1,1
Patient_1_test_segment_709.mat,1,0
Patient_1_test_segment_710.mat,1,1
Patient_1_test_segment_711.mat,1,0
Patient_1_test_segment_712.mat,0,1
Patient_1_test_segment_713.mat,1,1
Patient_1_test_segment_714.mat,1,0
Patient_1_test_segment_715.mat,1,0
Patient_1_test_segment_716.mat,1,0
Patient_1_test_segment_717.mat,0,0
Patient_1_test_segment_718.mat,1,1
Patient_1_test_segment_719.mat,1,0
Patient_1_test_segment_720.mat,0,1
Patient_1_test_segment_721.mat,0,0
Patient_1_test_segment_722.mat,0,0
Patient_1_test_segment_723.mat,0,1
Patient_1_test_segment_724.mat,1,1
Patient_1_test_segment_725.mat,1,1
Patient_1_test_segment_726.mat,0,1
Patient_1_test_segment_727.mat,1,0
Patient_1_test_segment_728.mat,0,1
Patient_1_test_segment_729.mat,1,0
Patient_1_test_segment_730.mat,1,0
Patient_1_test_segment_731.mat,1,0
Patient_1_test_segment_732.mat,0,0
Patient_1_test_segment_733.mat,1,1
Patient_1_test_segment_734.mat,1,0
Patient_1_test_segment_735.mat,1,0
Patient_1_test_segment_736.mat,0,0
Patient_1_test_segment_737.mat,1,0
Patient_1_test_segment_738.mat,0,1
Patient_1_test_segment_739.mat,0,0
Patient_1_test_segment_740.mat,0,0
Patient_1_test_segment_741.mat,0,0
Patient_1_test_segment_742.mat,0,1
Patient_1_test_segment_743.mat,1,1
Patient_1_test_segment_744.mat,1,1
Patient_1_test_segment_745.mat,1,1
Patient_1_test_segment_746.mat,1,0
Patient_1_test_segment_747.mat,1,1
Patient_1_test_segment_748.mat,1,0
Patient_1_test_segment_749.mat,0,0
Patient_1_test_segment_750.mat,1,1
Patient_1_test_segment_751.mat,0,0
Patient_1_test_segment_752.mat,0,1
Patient_1_test_segment_753.mat,0,0
Patient_1_test_segment_754.mat,1,1
Patient_1_test_segment_755.mat,1,1
Patient_1_test_segment_756.mat,1,0
Patient_1_test_segment_757.mat,0,1
Patient_1_test_segment_758.mat,1,0
Patient_1_test_segment_759.mat,0,1
Patient_1_test_segment_760.mat,0,1
Patient_1_test_segment_761.mat,0,1
Patient_1_test_segment_762.mat,1,0
Patient_1_test_segment_763.mat,1,0
Patient_1_test_segment_764.mat,0,0
Patient_1_test_segment_765.mat,0,1
Patient_1_test_segment_766.mat,0,0
Patient_1_test_segment_767.mat,1,1
Patient_1_test_segment_768.mat,1,1
Patient_1_test_segment_769.mat,1,1
Patient_1_test_segment_770.mat,1,0
Patient_1_test_segment_771.mat,1,0
Patient_1_test_segment_772.mat,0,1
Patient_1_test_segment_773.mat,0,1
Patient_1_test_segment_774.mat,0,1
Patient_1_test_segment_775.mat,0,0
Patient_1_test_segment_776.mat,0,0
Patient_1_test_segment_777.mat,1,0
Patient_1_test_segment_778.mat,1,1
Patient_1_test_segment_779.mat,0,0
Patient_1_test_segment_780.mat,0,0
Patient_1_test_segment_781.mat,1,1
Patient_1_test_segment_782.mat,0,1
Patient_1_test_segment_783.mat,1,0
Patient_1_test_segment_784.mat,0,1
Patient_1_test_segment_785.mat,1,1
Patient_1_test_segment_786.mat,1,0
Patient_1_test_segment_787.mat,0,0
Patient_1_test_segment_788.mat,0,1
Patient_1_test_segment_789.mat,1,1
Patient_1_test_segment_790.mat,0,0
Patient_1_test_segment_791.mat,0,1
Patient_1_test_segment_792.mat,1,1
Patient_1_test_segment_793.mat,1,1
Patient_1_test_segment_794.mat,1,1
Patient_1_test_segment_795.mat,0,0
Patient_1_test_segment_796.mat,0,1
Patient_1_test_segment_797.mat,0,1
Patient_1_test_segment_798.mat,0,0
Patient_1_test_segment_799.mat,1,0
Patient_1_test_segment_800.mat,0,1
Patient_1_test_segment_801.mat,0,1
Patient_1_test_segment_802.mat,1,1
Patient_1_test_segment_803.mat,1,1
Patient_1_test_segment_804.mat,1,0
Patient_1_test_segment_805.mat,1,1
Patient_1_test_segment_806.mat,1,0
Patient_1_test_segment_807.mat,1,1
Patient_1_test_segment_808.mat,0,0
Patient_1_test_segment_809.mat,0,0
Patient_1_test_segment_810.mat,0,0
Patient_1_test_segment_811.mat,0,0
Patient_1_test_segment_812.mat,1,1
Patient_1_test_segment_813.mat,0,0
Patient_1_test_segment_814.mat,0,0
Patient_1_test_segment_815.mat,1,1
Patient_1_test_segment_816.mat,0,0
Patient_1_test_segment_817.mat,0,0
Patient_1_test_segment_818.mat,0,1
Patient_1_test_segment_819.mat,1,1
Patient_1_test_segment_820.mat,0,0
Patient_1_test_segment_821.mat,0,0
Patient_1_test_segment_822.mat,1,0
Patient_1_test_segment_823.mat,1,1
Patient_1_test_segment_824.mat,0,0
Patient_1_test_segment_825.mat,0,0
Patient_1_test_segment_826.mat,0,0
Patient_1_test_segment_827.mat,1,1
Patient_1_test_segment_828.mat,0,1
Patient_1_test_segment_829.mat,1,1
Patient_1_test_segment_830.mat,0,1
Patient_1_test_segment_831.mat,0,0
Patient_1_test_segment_832.mat,1,0
Patient_1_test_segment_833.mat,1,1
Patient_1_test_segment_834.mat,1,0
Patient_1_test_segment_835.mat,0,0
Patient_1_test_segment_836.mat,0,0
Patient_1_test_segment_837.mat,1,0
Patient_1_test_segment_838.mat,1,0
Patient_1_test_segment_839.mat,1,0
Patient_1_test_segment_840.mat,0,1
Patient_1_test_segment_841.mat,0,0
Patient_1_test_segment_842.mat,1,1
Patient_1_test_segment_843.mat,0,0
Patient_1_test_segment_844.mat,1,1
Patient_1_test_segment_845.mat,1,1
Patient_1_test_segment_846.mat,0,0
Patient_1_test_segment_847.mat,1,0
Patient_1_test_segment_848.mat,0,1
Patient_1_test_segment_849.mat,1,1
Patient_1_test_segment_850.mat,0,0
Patient_1_test_segment_851.mat,1,0
Patient_1_test_segment_852.mat,0,1
Patient_1_test_segment_853.mat,1,0
Patient_1_test_segment_854.mat,0,1
Patient_1_test_segment_855.mat,1,1
Patient_1_test_segment_856.mat,1,1
Patient_1_test_segment_857.mat,1,0
Patient_1_test_segment_858.mat,0,0
Patient_1_test_segment_859.mat,0,0
Patient_1_test_segment_860.mat,0,0
Patient_1_test_segment_861.mat,0,0
Patient_1_test_segment_862.mat,1,1
Patient_1_test_segment_863.mat,0,0
Patient_1_test_segment_864.mat,0,0
Patient_1_test_segment_865.mat,0,1
Patient_1_test_segment_866.mat,1,0
Patient_1_test_segment_867.mat,0,1
Patient_1_test_segment_868.mat,0,1
Patient_1_test_segment_869.mat,1,1
Patient_1_test_segment_870.mat,0,1
Patient_1_test_segment_871.mat,1,1
Patient_1_test_segment_872.mat,1,1
Patient_1_test_segment_873.mat,1,1
Patient_1_test_segment_874.mat,0,0
Patient_1_test_segment_875.mat,0,0
Patient_1_test_segment_876.mat,0,0
Patient_1_test_segment_877.mat,1,0
Patient_1_test_segment_878.mat,0,1
Patient_1_test_segment_879.mat,1,1
Patient_1_test_segment_880.mat,0,0
Patient_1_test_segment_881.mat,1,0
Patient_1_test_segment_882.mat,1,1
Patient_1_test_segment_883.mat,1,1
Patient_1_test_segment_884.mat,0,0
Patient_1_test_segment_885.mat,1,1
Patient_1_test_segment_886.mat,0,0
Patient_1_test_segment_887.mat,0,1
Patient_1_test_segment_888.mat,0,0
Patient_1_test_segment_889.mat,0,1
Patient_1_test_segment_890.mat,0,0
Patient_1_test_segment_891.mat,0,1
Patient_1_test_segment_892.mat,0,0
Patient_1_test_segment_893.mat,0,1
Patient_1_test_segment_894.mat,0,1
Patient_1_test_segment_895.mat,1,0
Patient_1_test_segment_896.mat,0,1
Patient_1_test_segment_897.mat,1,1
Patient_1_test_segment_898.mat,0,0
Patient_1_test_segment_899.mat,1,1
Patient_1_test_segment_900.mat,0,1
Patient_1_test_segment_901.mat,1,1
Patient_1_test_segment_902.mat,1,0
Patient_1_test_segment_903.mat,1,1
Patient_1_test_segment_904.mat,0,1
Patient_1_test_segment_905.mat,0,0
Patient_1_test_segment_906.mat,1,1
Patient_1_test_segment_907.mat,1,1
Patient_1_test_segment_908.mat,1,0
Patient_1_test_segment_909.mat,1,1
Patient_1_test_segment_910.mat,0,1
Patient_1_test_segment_911.mat,0,1
Patient_1_test_segment_912.mat,0,0
Patient_1_test_segment_913.mat,1,0
Patient_1_test_segment_914.mat,1,0
Patient_1_test_segment_915.mat,0,1
Patient_1_test_segment_916.mat,0,1
Patient_1_test_segment_917.mat,1,1
Patient_1_test_segment_918.mat,0,1
Patient_1_test_segment_919.mat,1,1
Patient_1_test_segment_920.mat,1,0
Patient_1_test_segment_921.mat,0,0
Patient_1_test_segment_922.mat,0,1
Patient_1_test_segment_923.mat,1,0
Patient_1_test_segment_924.mat,1,0
Patient_1_test_segment_925.mat,0,1
Patient_1_test_segment_926.mat,0,1
Patient_1_test_segment_927.mat,1,0
Patient_1_test_segment_928.mat,1,0
Patient_1_test_segment_929.mat,1,1
Patient_1_test_segment_930.mat,1,1
Patient_1_test_segment_931.mat,1,0
Patient_1_test_segment_932.mat,1,0
Patient_1_test_segment_933.mat,1,1
Patient_1_test_segment_934.mat,0,0
Patient_1_test_segment_935.mat,0,0
Patient_1_test_segment_936.mat,0,0
Patient_1_test_segment_937.mat,1,1
Patient_1_test_segment_938.mat,0,0
Patient_1_test_segment_939.mat,1,0
Patient_1_test_segment_940.mat,1,1
Patient_1_test_segment_941.mat,0,0
Patient_1_test_segment_942.mat,0,1
Patient_1_test_segment_943.mat,1,1
Patient_1_test_segment_944.mat,0,1
Patient_1_test_segment_945.mat,0,0
Patient_1_test_segment_946.mat,0,1
Patient_1_test_segment_947.mat,1,0
Patient_1_test_segment_948.mat,1,0
Patient_1_test_segment_949.mat,0,0
Patient_1_test_segment_950.mat,0,1
Patient_1_test_segment_951.mat,1,0
Patient_1_test_segment_952.mat,0,1
Patient_1_test_segment_953.mat,0,0
Patient_1_test_segment_954.mat,1,0
Patient_1_test_segment_955.mat,0,0
Patient_1_test_segment_956.mat,1,0
Patient_1_test_segment_957.mat,1,1
Patient_1_test_segment_958.mat,0,1
Patient_1_test_segment_959.mat,1,0
Patient_1_test_segment_960.mat,1,1
Patient_1_test_segment_961.mat,1,1
Patient_1_test_segment_962.mat,1,1
Patient_1_test_segment_963.mat,0,0
Patient_1_test_segment_964.mat,0,1
Patient_1_test_segment_965.mat,0,0
Patient_1_test_segment_966.mat,1,1
Patient_1_test_segment_967.mat,0,0
Patient_1_test_segment_968.mat,1,1
Patient_1_test_segment_969.mat,0,1
Patient_1_test_segment_970.mat,0,0
Patient_1_test_segment_971.mat,1,0
Patient_1_test_segment_972.mat,1,1
Patient_1_test_segment_973.mat,0,0
Patient_1_test_segment_974.mat,0,1
Patient_1_test_segment_975.mat,0,1
Patient_1_test_segment_976.mat,1,1
Patient_1_test_segment_977.mat,0,0
Patient_1_test_segment_978.mat,0,0
Patient_1_test_segment_979.mat,1,1
Patient_1_test_segment_980.mat,0,1
Patient_1_test_segment_981.mat,0,1
Patient_1_test_segment_982.mat,1,1
Patient_1_test_segment_983.mat,1,1
Patient_1_test_segment_984.mat,1,1
Patient_1_test_segment_985.mat,0,0
Patient_1_test_segment_986.mat,0,1
Patient_1_test_segment_987.mat,1,1
Patient_1_test_segment_988.mat,1,1
Patient_1_test_segment_989.mat,0,0
Patient_1_test_segment_990.mat,1,0
Patient_1_test_segment_991.mat,0,0
Patient_1_test_segment_992.mat,1,0
Patient_1_test_segment_993.mat,0,0
Patient_1_test_segment_994.mat,0,1
Patient_1_test_segment_995.mat,1,0
Patient_1_test_segment_996.mat,1,1
Patient_1_test_segment_997.mat,0,1
Patient_1_test_segment_998.mat,0,1
Patient_1_test_segment_999.mat,1,0
Patient_1_test_segment_1000.mat,0,0
Patient_1_test_segment_1001.mat,1,0
Patient_1_test_segment_1002.mat,1,0
Patient_1_test_segment_1003.mat,1,0
Patient_1_test_segment_1004.mat,0,0
Patient_1_test_segment_1005.mat,1,1
Patient_1_test_segment_1006.mat,0,0
Patient_1_test_segment_1007.mat,0,0
Patient_1_test_segment_1008.mat,0,1
Patient_1_test_segment_1009.mat,0,0
Patient_1_test_segment_1010.mat,0,0
Patient_1_test_segment_1011.mat,1,1
Patient_1_test_segment_1012.mat,0,1
Patient_1_test_segment_1013.mat,0,0
Patient_1_test_segment_1014.mat,1,1
Patient_1_test_segment_1015.mat,0,1
Patient_1_test_segment_1016.mat,1,1
Patient_1_test_segment_1017.mat,1,1
Patient_1_test_segment_1018.mat,0,1
Patient_1_test_segment_1019.mat,0,1
Patient_1_test_segment_1020.mat,0,0
Patient_1_test_segment_1021.mat,1,1
Patient_1_test_segment_1022.mat,1,0
Patient_1_test_segment_1023.mat,1,0
Patient_1_test_segment_1024.mat,1,1
Patient_1_test_segment_1025.mat,0,1
Patient_1_test_segment_1026.mat,1,1
Patient_1_test_segment_1027.mat,0,1
Patient_1_test_segment_1028.mat,1,1
Patient_1_test_segment_1029.mat,1,0
Patient_1_test_segment_1030.mat,0,0
Patient_1_test_segment_1031.mat,0,1
Patient_1_test_segment_1032.mat,0,0
Patient_1_test_segment_1033.mat,1,0
Patient_1_test_segment_1034.mat,0,1
Patient_1_test_segment_1035.mat,1,0
Patient_1_test_segment_1036.mat,1,1
Patient_1_test_segment_1037.mat,1,1
Patient_1_test_segment_1038.mat,0,1
Patient_1_test_segment_1039.mat,0,0
Patient_1_test_segment_1040.mat,0,1
Patient_1_test_segment_1041.mat,1,1
Patient_1_test_segment_1042.mat,0,0
Patient_1_test_segment_1043.mat,0,0
Patient_1_test_segment_1044.mat,1,1
Patient_1_test_segment_1045.mat,1,0
Patient_1_test_segment_1046.mat,0,0
Patient_1_test_segment_1047.mat,1,1
Patient_1_test_segment_1048.mat,1,0
Patient_1_test_segment_1049.mat,0,1
Patient_1_test_segment_1050.mat,0,0
Patient_1_test_segment_1051.mat,0,1
Patient_1_test_segment_1052.mat,0,0
Patient_1_test_segment_1053.mat,0,0
Patient_1_test_segment_1054.mat,1,1
Patient_1_test_segment_1055.mat,0,1
Patient_1_test_segment_1056.mat,0,1
Patient_1_test_segment_1057.mat,1,0
Patient_1_test_segment_1058.mat,0,1
Patient_1_test_segment_1059.mat,0,1
Patient_1_test_segment_1060.mat,1,1
Patient_1_test_segment_1061.mat,1,0
Patient_1_test_segment_1062.mat,1,1
Patient_1_test_segment_1063.mat,0,0
Patient_1_test_segment_1064.mat,0,1
Patient_1_test_segment_1065.mat,1,1
Patient_1_test_segment_1066.mat,1,1
Patient_1_test_segment_1067.mat,0,0
Patient_1_test_segment_1068.mat,1,1
Patient_1_test_segment_1069.mat,0,0
Patient_1_test_segment_1070.mat,1,1
Patient_1_test_segment_1071.mat,0,1
Patient_1_test_segment_1072.mat,0,0
Patient_1_test_segment_1073.mat,1,1
Patient_1_test_segment_1074.mat,1,1
Patient_1_test_segment_1075.mat,0,0
Patient_1_test_segment_1076.mat,0,0
Patient_1_test_segment_1077.mat,0,0
Patient_1_test_segment_1078.mat,0,1
Patient_1_test_segment_1079.mat,0,1
Patient_1_test_segment_1080.mat,1,1
Patient_1_test_segment_1081.mat,1,1
Patient_1_test_segment_1082.mat,1,1
Patient_1_test_segment_1083.mat,1,1
Patient_1_test_segment_1084.mat,1,1
Patient_1_test_segment_1085.mat,1,1
Patient_1_test_segment_1086.mat,0,1
Patient_1_test_segment_1087.mat,0,0
Patient_1_test_segment_1088.mat,1,1
Patient_1_test_segment_1089.mat,1,0
Patient_1_test_segment_1090.mat,0,0
Patient_1_test_segment_1091.mat,0,1
Patient_1_test_segment_1092.mat,0,1
Patient_1_test_segment_1093.mat,1,0
Patient_1_test_segment_1094.mat,0,0
Patient_1_test_segment_1095.mat,0,0
Patient_1_test_segment_1096.mat,0,0
Patient_1_test_segment_1097.mat,1,0
Patient_1_test_segment_1098.mat,0,1
Patient_1_test_segment_1099.mat,0,1
Patient_1_test_segment_1100.mat,0,1
Patient_1_test_segment_1101.mat,1,1
Patient_1_test_segment_1102.mat,0,0
Patient_1_test_segment_1103.mat,0,1
Patient_1_test_segment_1104.mat,1,0
Patient_1_test_segment_1105.mat,0,0
Patient_1_test_segment_1106.mat,1,1
Patient_1_test_segment_1107.mat,1,0
Patient_1_test_segment_1108.mat,1,0
Patient_1_test_segment_1109.mat,1,0
Patient_1_test_segment_1110.mat,1,1
Patient_1_test_segment_1111.mat,0,1
Patient_1_test_segment_1112.mat,1,1
Patient_1_test_segment_1113.mat,1,1
Patient_1_test_segment_1114.mat,0,0
Patient_1_test_segment_1115.mat,1,1
Patient_1_test_segment_1116.mat,1,0
Patient_1_test_segment_1117.mat,0,0
Patient_1_test_segment_1118.mat,1,1
Patient_1_test_segment_1119.mat,0,0
Patient_1_test_segment_1120.mat,1,0
Patient_1_test_segment_1121.mat,0,1
Patient_1_test_segment_1122.mat,0,0
Patient_1_test_segment_1123.mat,0,0
Patient_1_test_segment_1124.mat,1,0
Patient_1_test_segment_1125.mat,1,1
Patient_1_test_segment_1126.mat,1,1
Patient_1_test_segment_1127.mat,1,1
Patient_1_test_segment_1128.mat,1,1
Patient_1_test_segment_1129.mat,1,0
Patient_1_test_segment_1130.mat,1,0
Patient_1_test_segment_1131.mat,1,0
Patient_1_test_segment_1132.mat,1,1
Patient_1_test_segment_1133.mat,0,1
Patient_1_test_segment_1134.mat,1,1
Patient_1_test_segment_1135.mat,1,1
Patient_1_test_segment_1136.mat,0,0
Patient_1_test_segment_1137.mat,0,0
Patient_1_test_segment_1138.mat,1,0
Patient_1_test_segment_1139.mat,0,1
Patient_1_test_segment_1140.mat,0,1
Patient_1_test_segment_1141.mat,1,0
Patient_1_test_segment_1142.mat,1,0
Patient_1_test_segment_1143.mat,1,0
Patient_1_test_segment_1144.mat,0,0
Patient_1_test_segment_1145.mat,0,0
Patient_1_test_segment_1146.mat,0,0
Patient_1_test_segment_1147.mat,0,1
Patient_1_test_segment_1148.mat,1,1
Patient_1_test_segment_1149.mat,0,1
Patient_1_test_segment_1150.mat,1,1
Patient_1_test_segment_1151.mat,0,0
Patient_1_test_segment_1152.mat,0,0
Patient_1_test_segment_1153.mat,0,1
Patient_1_test_segment_1154.mat,0,0
Patient_1_test_segment_1155.mat,1,1
Patient_1_test_segment_1156.mat,0,1
Patient_1_test_segment_1157.mat,1,0
Patient_1_test_segment_1158.mat,0,0
Patient_1_test_segment_1159.mat,0,0
Patient_1_test_segment_1160.mat,0,0
Patient_1_test_segment_1161.mat,1,0
Patient_1_test_segment_1162.mat,1,0
Patient_1_test_segment_1163.mat,0,1
Patient_1_test_segment_1164.mat,0,1
Patient_1_test_segment_1165.mat,1,1
Patient_1_test_segment_1166.mat,0,0
Patient_1_test_segment_1167.mat,0,0
Patient_1_test_segment_1168.mat,0,1
Patient_1_test_segment_1169.mat,1,1
Patient_1_test_segment_1170.mat,1,1
Patient_1_test_segment_1171.mat,0,1
Patient_1_test_segment_1172.mat,0,0
Patient_1_test_segment_1173.mat,0,0
Patient_1_test_segment_1174.mat,1,1
Patient_1_test_segment_1175.mat,1,0
Patient_1_test_segment_1176.mat,1,0
Patient_1_test_segment_1177.mat,1,0
Patient_1_test_segment_1178.mat,0,1
Patient_1_test_segment_1179.mat,1,0
Patient_1_test_segment_1180.mat,0,1
Patient_1_test_segment_1181.mat,1,1
Patient_1_test_segment_1182.mat,0,1
Patient_1_test_segment_1183.mat,0,1
Patient_1_test_segment_1184.mat,1,1
Patient_1_test_segment_1185.mat,0,0
Patient_1_test_segment_1186.mat,1,1
Patient_1_test_segment_1187.mat,1,0
Patient_1_test_segment_1188.mat,1,0
Patient_1_test_segment_1189.mat,1,0
Patient_1_test_segment_1190.mat,1,0
Patient_1_test_segment_1191.mat,1,0
Patient_1_test_segment_1192.mat,0,1
Patient_1_test_segment_1193.mat,1,0
Patient_1_test_segment_1194.mat,0,1
Patient_1_test_segment_1195.mat,0,1
Patient_1_test_segment_1196.mat,0,0
Patient_1_test_segment_1197.mat,0,0
Patient_1_test_segment_1198.mat,1,1
Patient_1_test_segment_1199.mat,0,1
Patient_1_test_segment_1200.mat,0,1
Patient_1_test_segment_1201.mat,0,0
Patient_1_test_segment_1202.mat,0,1
Patient_1_test_segment_1203.mat,1,1
Patient_1_test_segment_1204.mat,0,0
Patient_1_test_segment_1205.mat,1,1
Patient_1_test_segment_1206.mat,0,1
Patient_1_test_segment_1207.mat,0,1
Patient_1_test_segment_1208.mat,0,0
Patient_1_test_segment_1209.mat,0,1
Patient_1_test_segment_1210.mat,1,0
Patient_1_test_segment_1211.mat,0,1
Patient_1_test_segment_1212.mat,1,1
Patient_1_test_segment_1213.mat,0,1
Patient_1_test_segment_1214.mat,0,0
Patient_1_test_segment_1215.mat,0,1
Patient_1_test_segment_1216.mat,0,1
Patient_1_test_segment_1217.mat,1,1
Patient_1_test_segment_1218.mat,1,0
Patient_1_test_segment_1219.mat,0,1
Patient_1_test_segment_1220.mat,1,0
Patient_1_test_segment_1221.mat,1,0
Patient_1_test_segment_1222.mat,0,0
Patient_1_test_segment_1223.mat,0,1
Patient_1_test_segment_1224.mat,1,1
Patient_1_test_segment_1225.mat,0,1
Patient_1_test_segment_1226.mat,1,1
Patient_1_test_segment_1227.mat,1,0
Patient_1_test_segment_1228.mat,1,1
Patient_1_test_segment_1229.mat,0,1
Patient_1_test_segment_1230.mat,0,1
Patient_1_test_segment_1231.mat,0,0
Patient_1_test_segment_1232.mat,1,1
Patient_1_test_segment_1233.mat,0,1
Patient_1_test_segment_1234.mat,0,0
Patient_1_test_segment_1235.mat,1,1
Patient_1_test_segment_1236.mat,0,0
Patient_1_test_segment_1237.mat,1,1
Patient_1_test_segment_1238.mat,1,1
Patient_1_test_segment_1239.mat,0,0
Patient_1_test_segment_1240.mat,0,0
Patient_1_test_segment_1241.mat,1,1
Patient_1_test_segment_1242.mat,0,0
Patient_1_test_segment_1243.mat,0,0
Patient_1_test_segment_1244.mat,1,0
Patient_1_test_segment_1245.mat,0,1
Patient_1_test_segment_1246.mat,0,0
Patient_1_test_segment_1247.mat,0,1
Patient_1_test_segment_1248.mat,1,1
Patient_1_test_segment_1249.mat,0,0
Patient_1_test_segment_1250.mat,1,0
Patient_1_test_segment_1251.mat,0,0
Patient_1_test_segment_1252.mat,1,0
Patient_1_test_segment_1253.mat,1,0
Patient_1_test_segment_1254.mat,0,1
Patient_1_test_segment_1255.mat,0,1
Patient_1_test_segment_1256.mat,0,1
Patient_1_test_segment_1257.mat,1,1
Patient_1_test_segment_1258.mat,0,1
Patient_1_test_segment_1259.mat,1,1
Patient_1_test_segment_1260.mat,1,0
Patient_1_test_segment_1261.mat,0,0
Patient_1_test_segment_1262.mat,0,1
Patient_1_test_segment_1263.mat,1,1
Patient_1_test_segment_1264.mat,0,1
Patient_1_test_segment_1265.mat,1,0
Patient_1_test_segment_1266.mat,0,1
Patient_1_test_segment_1267.mat,1,1
Patient_1_test_segment_1268.mat,1,0
Patient_1_test_segment_1269.mat,1,1
Patient_1_test_segment_1270.mat,1,1
Patient_1_test_segment_1271.mat,1,0
Patient_1_test_segment_1272.mat,1,0
Patient_1_test_segment_1273.mat,1,0
Patient_1_test_segment_1274.mat,0,0
Patient_1_test_segment_1275.mat,1,1
Patient_1_test_segment_1276.mat,1,0
Patient_1_test_segment_1277.mat,0,0
Patient_1_test_segment_1278.mat,1,0
Patient_1_test_segment_1279.mat,1,1
Patient_1_test_segment_1280.mat,0,0
Patient_1_test_segment_1281.mat,1,1
Patient_1_test_segment_1282.mat,0,0
Patient_1_test_segment_1283.mat,0,1
Patient_1_test_segment_1284.mat,0,1
Patient_1_test_segment_1285.mat,0,0
Patient_1_test_segment_1286.mat,1,0
Patient_1_test_segment_1287.mat,1,0
Patient_1_test_segment_1288.mat,1,0
Patient_1_test_segment_1289.mat,0,1
Patient_1_test_segment_1290.mat,0,1
Patient_1_test_segment_1291.mat,0,0
Patient_1_test_segment_1292.mat,1,1
Patient_1_test_segment_1293.mat,0,1
Patient_1_test_segment_1294.mat,1,0
Patient_1_test_segment_1295.mat,1,0
Patient_1_test_segment_1296.mat,0,0
Patient_1_test_segment_1297.mat,1,0
Patient_1_test_segment_1298.mat,1,0
Patient_1_test_segment_1299.mat,0,1
Patient_1_test_segment_1300.mat,0,0
Patient_1_test_segment_1301.mat,1,0
Patient_1_test_segment_1302.mat,1,0
Patient_1_test_segment_1303.mat,0,1
Patient_1_test_segment_1304.mat,0,0
Patient_1_test_segment_1305.mat,0,1
Patient_1_test_segment_1306.mat,1,1
Patient_1_test_segment_1307.mat,0,0
Patient_1_test_segment_1308.mat,1,1
Patient_1_test_segment_1309.mat,1,0
Patient_1_test_segment_1310.mat,1,0
Patient_1_test_segment_1311.mat,0,0
Patient_1_test_segment_1312.mat,1,0
Patient_1_test_segment_1313.mat,0,1
Patient_1_test_segment_1314.mat,0,0
Patient_1_test_segment_1315.mat,0,1
Patient_1_test_segment_1316.mat,1,0
Patient_1_test_segment_1317.mat,0,0
Patient_1_test_segment_1318.mat,0,0
Patient_1_test_segment_1319.mat,1,0
Patient_1_test_segment_1320.mat,0,1
Patient_1_test_segment_1321.mat,0,0
Patient_1_test_segment_1322.mat,1,1
Patient_1_test_segment_1323.mat,1,0
Patient_1_test_segment_1324.mat,1,0
Patient_1_test_segment_1325.mat,0,0
Patient_1_test_segment_1326.mat,0,0
Patient_1_test_segment_1327.mat,0,0
Patient_1_test_segment_1328.mat,0,1
Patient_1_test_segment_1329.mat,1,0
Patient_1_test_segment_1330.mat,0,1
Patient_1_test_segment_1331.mat,0,0
Patient_1_test_segment_1332.mat,0,1
Patient_1_test_segment_1333.mat,1,1
Patient_1_test_segment_1334.mat,0,1
Patient_1_test_segment_1335.mat,1,0
Patient_1_test_segment_1336.mat,0,0
Patient_1_test_segment_1337.mat,1,1
Patient_1_test_segment_1338.mat,1,0
Patient_1_test_segment_1339.mat,1,1
Patient_1_test_segment_1340.mat,0,1
Patient_1_test_segment_1341.mat,1,0
Patient_1_test_segment_1342.mat,0,1
Patient_1_test_segment_1343.mat,1,1
Patient_1_test_segment_1344.mat,1,0
Patient_1_test_segment_1345.mat,1,1
Patient_1_test_segment_1346.mat,1,0
Patient_1_test_segment_1347.mat,1,0
Patient_1_test_segment_1348.mat,1,1
Patient_1_test_segment_1349.mat,1,0
Patient_1_test_segment_1350.mat,1,1
Patient_1_test_segment_1351.mat,1,1
Patient_1_test_segment_1352.mat,1,1
Patient_1_test_segment_1353.mat,0,0
Patient_1_test_segment_1354.mat,0,0
Patient_1_test_segment_1355.mat,1,0
Patient_1_test_segment_1356.mat,0,0
Patient_1_test_segment_1357.mat,0,1
Patient_1_test_segment_1358.mat,1,0
Patient_1_test_segment_1359.mat,0,0
Patient_1_test_segment_1360.mat,1,1
Patient_1_test_segment_1361.mat,0,0
Patient_1_test_segment_1362.mat,1,0
Patient_1_test_segment_1363.mat,1,0
Patient_1_test_segment_1364.mat,0,0
Patient_1_test_segment_1365.mat,0,0
Patient_1_test_segment_1366.mat,1,0
Patient_1_test_segment_1367.mat,0,0
Patient_1_test_segment_1368.mat,0,0
Patient_1_test_segment_1369.mat,1,0
Patient_1_test_segment_1370.mat,1,1
Patient_1_test_segment_1371.mat,1,1
Patient_1_test_segment_1372.mat,1,0
Patient_1_test_segment_1373.mat,1,1
Patient_1_test_segment_1374.mat,1,0
Patient_1_test_segment_1375.mat,1,0
Patient_1_test_segment_1376.mat,0,0
Patient_1_test_segment_1377.mat,0,1
Patient_1_test_segment_1378.mat,1,0
Patient_1_test_segment_1379.mat,0,1
Patient_1_test_segment_1380.mat,0,0
Patient_1_test_segment_1381.mat,1,1
Patient_1_test_segment_1382.mat,0,1
Patient_1_test_segment_1383.mat,0,1
Patient_1_test_segment_1384.mat,0,0
Patient_1_test_segment_1385.mat,1,0
Patient_1_test_segment_1386.mat,0,0
Patient_1_test_segment_1387.mat,0,1
Patient_1_test_segment_1388.mat,0,0
Patient_1_test_segment_1389.mat,1,1
Patient_1_test_segment_1390.mat,1,1
Patient_1_test_segment_1391.mat,0,1
Patient_1_test_segment_1392.mat,1,0
Patient_1_test_segment_1393.mat,0,1
Patient_1_test_segment_1394.mat,1,0
Patient_1_test_segment_1395.mat,0,1
Patient_1_test_segment_1396.mat,0,1
Patient_1_test_segment_1397.mat,0,1
Patient_1_test_segment_1398.mat,0,1
Patient_1_test_segment_1399.mat,1,1
Patient_1_test_segment_1400.mat,1,1
Patient_1_test_segment_1401.mat,1,1
Patient_1_test_segment_1402.mat,0,0
Patient_1_test_segment_1403.mat,1,0
Patient_1_test_segment_1404.mat,0,1
Patient_1_test_segment_1405.mat,0,0
Patient_1_test_segment_1406.mat,1,0
Patient_1_test_segment_1407.mat,1,0
Patient_1_test_segment_1408.mat,0,1
Patient_1_test_segment_1409.mat,1,1
Patient_1_test_segment_1410.mat,1,1
Patient_1_test_segment_1411.mat,0,0
Patient_1_test_segment_1412.mat,0,1
Patient_1_test_segment_1413.mat,1,1
Patient_1_test_segment_1414.mat,0,1
Patient_1_test_segment_1415.mat,1,1
Patient_1_test_segment_1416.mat,1,0
Patient_1_test_segment_1417.mat,0,0
Patient_1_test_segment_1418.mat,1,0
Patient_1_test_segment_1419.mat,1,0
Patient_1_test_segment_1420.mat,1,1
Patient_1_test_segment_1421.mat,0,0
Patient_1_test_segment_1422.mat,1,1
Patient_1_test_segment_1423.mat,0,0
Patient_1_test_segment_1424.mat,1,0
Patient_1_test_segment_1425.mat,0,1
Patient_1_test_segment_1426.mat,0,0
Patient_1_test_segment_1427.mat,0,0
Patient_1_test_segment_1428.mat,0,0
Patient_1_test_segment_1429.mat,1,1
Patient_1_test_segment_1430.mat,0,0
Patient_1_test_segment_1431.mat,1,0
Patient_1_test_segment_1432.mat,1,1
Patient_1_test_segment_1433.mat,0,0
Patient_1_test_segment_1434.mat,0,1
Patient_1_test_segment_1435.mat,1,1
Patient_1_test_segment_1436.mat,0,0
Patient_1_test_segment_1437.mat,1,0
Patient_1_test_segment_1438.mat,0,0
Patient_1_test_segment_1439.mat,1,1
Patient_1_test_segment_1440.mat,0,1
Patient_1_test_segment_1441.mat,1,1
Patient_1_test_segment_1442.mat,0,0
Patient_1_test_segment_1443.mat,0,0
Patient_1_test_segment_1444.mat,1,0
Patient_1_test_segment_1445.mat,0,1
Patient_1_test_segment_1446.mat,1,0
Patient_1_test_segment_1447.mat,1,0
Patient_1_test_segment_1448.mat,0,0
Patient_1_test_segment_1449.mat,1,0
Patient_1_test_segment_1450.mat,1,0
Patient_1_test_segment_1451.mat,0,1
Patient_1_test_segment_1452.mat,0,0
Patient_1_test_segment_1453.mat,1,0
Patient_1_test_segment_1454.mat,1,1
Patient_1_test_segment_1455.mat,0,0
Patient_1_test_segment_1456.mat,0,1
Patient_1_test_segment_1457.mat,1,1
Patient_1_test_segment_1458.mat,1,0
Patient_1_test_segment_1459.mat,1,0
Patient_1_test_segment_1460.mat,1,0
Patient_1_test_segment_1461.mat,0,1
Patient_1_test_segment_1462.mat,1,0
Patient_1_test_segment_1463.mat,0,1
Patient_1_test_segment_1464.mat,1,0
Patient_1_test_segment_1465.mat,1,0
Patient_1_test_segment_1466.mat,0,0
Patient_1_test_segment_1467.mat,1,1
Patient_1_test_segment_1468.mat,1,0
Patient_1_test_segment_1469.mat,0,1
Patient_1_test_segment_1470.mat,1,0
Patient_1_test_segment_1471.mat,1,1
Patient_1_test_segment_1472.mat,0,1
Patient_1_test_segment_1473.mat,1,1
Patient_1_test_segment_1474.mat,0,0
Patient_1_test_segment_1475.mat,0,1
Patient_1_test_segment_1476.mat,0,1
Patient_1_test_segment_1477.mat,0,0
Patient_1_test_segment_1478.mat,0,0
Patient_1_test_segment_1479.mat,0,1
Patient_1_test_segment_1480.mat,1,1
Patient_1_test_segment_1481.mat,1,1
Patient_1_test_segment_1482.mat,1,1
Patient_1_test_segment_1483.mat,1,1
Patient_1_test_segment_1484.mat,1,0
Patient_1_test_segment_1485.mat,1,1
Patient_1_test_segment_1486.mat,1,1
Patient_1_test_segment_1487.mat,0,0
Patient_1_test_segment_1488.mat,1,1
Patient_1_test_segment_1489.mat,1,0
Patient_1_test_segment_1490.mat,1,1
Patient_1_test_segment_1491.mat,1,1
Patient_1_test_segment_1492.mat,0,1
Patient_1_test_segment_1493.mat,0,1
Patient_1_test_segment_1494.mat,0,1
Patient_1_test_segment_1495.mat,1,1
Patient_1_test_segment_1496.mat,0,1
Patient_1_test_segment_1497.mat,0,1
Patient_1_test_segment_1498.mat,1,1
Patient_1_test_segment_1499.mat,0,1
Patient_1_test_segment_1500.mat,0,0
Patient_1_test_segment_1501.mat,0,0
Patient_1_test_segment_1502.mat,1,0
Patient_1_test_segment_1503.mat,1,1
Patient_1_test_segment_1504.mat,1,1
Patient_1_test_segment_1505.mat,0,0
Patient_1_test_segment_1506.mat,0,1
Patient_1_test_segment_1507.mat,1,0
Patient_1_test_segment_1508.mat,1,1
Patient_1_test_segment_1509.mat,0,1
Patient_1_test_segment_1510.mat,1,0
Patient_1_test_segment_1511.mat,0,1
Patient_1_test_segment_1512.mat,0,0
Patient_1_test_segment_1513.mat,1,1
Patient_1_test_segment_1514.mat,1,0
Patient_1_test_segment_1515.mat,1,1
Patient_1_test_segment_1516.mat,1,0
Patient_1_test_segment_1517.mat,1,1
Patient_1_test_segment_1518.mat,1,1
Patient_1_test_segment_1519.mat,1,0
Patient_1_test_segment_1520.mat,0,0
Patient_1_test_segment_1521.mat,1,1
Patient_1_test_segment_1522.mat,0,0
Patient_1_test_segment_1523.mat,0,1
Patient_1_test_segment_1524.mat,0,1
Patient_1_test_segment_1525.mat,0,1
Patient_1_test_segment_1526.mat,1,1
Patient_1_test_segment_1527.mat,0,0
Patient_1_test_segment_1528.mat,0,1
Patient_1_test_segment_1529.mat,1,1
Patient_1_test_segment_1530.mat,1,1
Patient_1_test_segment_1531.mat,1,0
Patient_1_test_segment_1532.mat,0,1
Patient_1_test_segment_1533.mat,1,0
Patient_1_test_segment_1534.mat,0,1
Patient_1_test_segment_1535.mat,0,1
Patient_1_test_segment_1536.mat,0,0
Patient_1_test_segment_1537.mat,1,0
Patient_1_test_segment_1538.mat,0,0
Patient_1_test_segment_1539.mat,1,0
Patient_1_test_segment_1540.mat,1,0
Patient_1_test_segment_1541.mat,0,1
Patient_1_test_segment_1542.mat,0,0
Patient_1_test_segment_1543.mat,0,1
Patient_1_test_segment_1544.mat,0,1
Patient_1_test_segment_1545.mat,1,1
Patient_1_test_segment_1546.mat,0,0
Patient_1_test_segment_1547.mat,1,0
Patient_1_test_segment_1548.mat,0,1
Patient_1_test_segment_1549.mat,0,1
Patient_1_test_segment_1550.mat,0,0
Patient_1_test_segment_1551.mat,0,1
Patient_1_test_segment_1552.mat,1,1
Patient_1_test_segment_1553.mat,1,1
Patient_1_test_segment_1554.mat,1,1
Patient_1_test_segment_1555.mat,1,1
Patient_1_test_segment_1556.mat,1,1
Patient_1_test_segment_1557.mat,1,1
Patient_1_test_segment_1558.mat,1,1
Patient_1_test_segment_1559.mat,0,1
Patient_1_test_segment_1560.mat,0,1
Patient_1_test_segment_1561.mat,0,0
Patient_1_test_segment_1562.mat,0,1
Patient_1_test_segment_1563.mat,1,1
Patient_1_test_segment_1564.mat,1,0
Patient_1_test_segment_1565.mat,0,1
Patient_1_test_segment_1566.mat,1,0
Patient_1_test_segment_1567.mat,0,0
Patient_1_test_segment_1568.mat,0,1
Patient_1_test_segment_1569.mat,0,0
Patient_1_test_segment_1570.mat,0,0
Patient_1_test_segment_1571.mat,1,0
Patient_1_test_segment_1572.mat,0,0
Patient_1_test_segment_1573.mat,1,1
Patient_1_test_segment_1574.mat,0,1
Patient_1_test_segment_1575.mat,1,0
Patient_1_test_segment_1576.mat,1,0
Patient_1_test_segment_1577.mat,0,0
Patient_1_test_segment_1578.mat,0,1
Patient_1_test_segment_1579.mat,0,0
Patient_1_test_segment_1580.mat,1,0
Patient_1_test_segment_1581.mat,1,0
Patient_1_test_segment_1582.mat,1,1
Patient_1_test_segment_1583.mat,0,0
Patient_1_test_segment_1584.mat,0,0
Patient_1_test_segment_1585.mat,0,0
Patient_1_test_segment_1586.mat,0,0
Patient_1_test_segment_1587.mat,1,1
Patient_1_test_segment_1588.mat,1,1
Patient_1_test_segment_1589.mat,1,1
Patient_1_test_segment_1590.mat,1,0
Patient_1_test_segment_1591.mat,1,0
Patient_1_test_segment_1592.mat,0,0
Patient_1_test_segment_1593.mat,0,1
Patient_1_test_segment_1594.mat,0,1
Patient_1_test_segment_1595.mat,1,1
Patient_1_test_segment_1596.mat,1,1
Patient_1_test_segment_1597.mat,0,0
Patient_1_test_segment_1598.mat,0,1
Patient_1_test_segment_1599.mat,0,0
Patient_1_test_segment_1600.mat,0,0
Patient_1_test_segment_1601.mat,1,1
Patient_1_test_segment_1602.mat,0,1
Patient_1_test_segment_1603.mat,1,1
Patient_1_test_segment_1604.mat,1,1
Patient_1_test_segment_1605.mat,0,0
Patient_1_test_segment_1606.mat,1,0
Patient_1_test_segment_1607.mat,0,1
Patient_1_test_segment_1608.mat,1,0
Patient_1_test_segment_1609.mat,1,0
Patient_1_test_segment_1610.mat,1,0
Patient_1_test_segment_1611.mat,1,0
Patient_1_test_segment_1612.mat,1,0
Patient_1_test_segment_1613.mat,1,0
Patient_1_test_segment_1614.mat,0,1
Patient_1_test_segment_1615.mat,0,0
Patient_1_test_segment_1616.mat,0,0
Patient_1_test_segment_1617.mat,1,0
Patient_1_test_segment_1618.mat,0,1
Patient_1_test_segment_1619.mat,1,1
Patient_1_test_segment_1620.mat,0,0
Patient_1_test_segment_1621.mat,0,1
Patient_1_test_segment_1622.mat,1,0
Patient_1_test_segment_1623.mat,0,1
Patient_1_test_segment_1624.mat,0,0
Patient_1_test_segment_1625.mat,0,1
Patient_1_test_segment_1626.mat,0,0
Patient_1_test_segment_1627.mat,1,0
Patient_1_test_segment_1628.mat,0,0
Patient_1_test_segment_1629.mat,0,1
Patient_1_test_segment_1630.mat,1,1
Patient_1_test_segment_1631.mat,1,0
Patient_1_test_segment_1632.mat,1,1
Patient_1_test_segment_1633.mat,1,1
Patient_1_test_segment_1634.mat,1,1
Patient_1_test_segment_1635.mat,0,0
Patient_1_test_segment_1636.mat,1,1
Patient_1_test_segment_1637.mat,1,0
Patient_1_test_segment_1638.mat,1,1
Patient_1_test_segment_1639.mat,0,0
Patient_1_test_segment_1640.mat,0,1
Patient_1_test_segment_1641.mat,0,1
Patient_1_test_segment_1642.mat,1,1
Patient_1_test_segment_1643.mat,1,0
Patient_1_test_segment_1644.mat,0,0
Patient_1_test_segment_1645.mat,1,0
Patient_1_test_segment_1646.mat,0,0
Patient_1_test_segment_1647.mat,1,1
Patient_1_test_segment_1648.mat,1,1
Patient_1_test_segment_1649.mat,0,0
Patient_1_test_segment_1650.mat,1,0
Patient_1_test_segment_1651.mat,0,1
Patient_1_test_segment_1652.mat,0,0
Patient_1_test_segment_1653.mat,0,0
Patient_1_test_segment_1654.mat,0,0
Patient_1_test_segment_1655.mat,0,0
Patient_1_test_segment_1656.mat,0,0
Patient_1_test_segment_1657.mat,0,1
Patient_1_test_segment_1658.mat,1,0
Patient_1_test_segment_1659.mat,0,0
Patient_1_test_segment_1660.mat,1,0
Patient_1_test_segment_1661.mat,0,0
Patient_1_test_segment_1662.mat,1,1
Patient_1_test_segment_1663.mat,0,0
Patient_1_test_segment_1664.mat,1,0
Patient_1_test_segment_1665.mat,1,1
Patient_1_test_segment_1666.mat,1,1
Patient_1_test_segment_1667.mat,0,1
Patient_1_test_segment_1668.mat,0,1
Patient_1_test_segment_1669.mat,1,1
Patient_1_test_segment_1670.mat,0,1
Patient_1_test_segment_1671.mat,1,0
Patient_1_test_segment_1672.mat,0,0
Patient_1_test_segment_1673.mat,1,1
Patient_1_test_segment_1674.mat,1,0
Patient_1_test_segment_1675.mat,1,1
Patient_1_test_segment_1676.mat,1,1
Patient_1_test_segment_1677.mat,1,0
Patient_1_test_segment_1678.mat,1,0
Patient_1_test_segment_1679.mat,0,0
Patient_1_test_segment_1680.mat,0,0
Patient_1_test_segment_1681.mat,0,1
Patient_1_test_segment_1682.mat,1,0
Patient_1_test_segment_1683.mat,0,0
Patient_1_test_segment_1684.mat,1,1
Patient_1_test_segment_1685.mat,0,0
Patient_1_test_segment_1686.mat,0,0
Patient_1_test_segment_1687.mat,1,0
Patient_1_test_segment_1688.mat,0,0
Patient_1_test_segment_1689.mat,0,0
Patient_1_test_segment_1690.mat,1,1
Patient_1_test_segment_1691.mat,0,0
Patient_1_test_segment_1692.mat,0,1
Patient_1_test_segment_1693.mat,1,1
Patient_1_test_segment_1694.mat,1,1
Patient_1_test_segment_1695.mat,0,1
Patient_1_test_segment_1696.mat,1,0
Patient_1_test_segment_1697.mat,1,0
Patient_1_test_segment_1698.mat,1,0
Patient_1_test_segment_1699.mat,1,1
Patient_1_test_segment_1700.mat,0,1
Patient_1_test_segment_1701.mat,1,1
Patient_1_test_segment_1702.mat,0,1
Patient_1_test_segment_1703.mat,0,0
Patient_1_test_segment_1704.mat,1,1
Patient_1_test_segment_1705.mat,0,1
Patient_1_test_segment_1706.mat,1,1
Patient_1_test_segment_1707.mat,0,0
Patient_1_test_segment_1708.mat,1,1
Patient_1_test_segment_1709.mat,1,0
Patient_1_test_segment_1710.mat,0,1
Patient_1_test_segment_1711.mat,1,0
Patient_1_test_segment_1712.mat,1,1
Patient_1_test_segment_1713.mat,1,0
Patient_1_test_segment_1714.mat,0,0
Patient_1_test_segment_1715.mat,1,0
Patient_1_test_segment_1716.mat,1,1
Patient_1_test_segment_1717.mat,1,0
Patient_1_test_segment_1718.mat,1,0
Patient_1_test_segment_1719.mat,1,1
Patient_1_test_segment_1720.mat,1,1
Patient_1_test_segment_1721.mat,0,1
Patient_1_test_segment_1722.mat,0,1
Patient_1_test_segment_1723.mat,1,0
Patient_1_test_segment_1724.mat,0,1
Patient_1_test_segment_1725.mat,0,1
Patient_1_test_segment_1726.mat,1,1
Patient_1_test_segment_1727.mat,0,1
Patient_1_test_segment_1728.mat,0,1
Patient_1_test_segment_1729.mat,1,0
Patient_1_test_segment_1730.mat,1,0
Patient_1_test_segment_1731.mat,1,0
Patient_1_test_segment_1732.mat,1,0
Patient_1_test_segment_1733.mat,0,1
Patient_1_test_segment_1734.mat,1,1
Patient_1_test_segment_1735.mat,1,1
Patient_1_test_segment_1736.mat,1,0
Patient_1_test_segment_1737.mat,0,0
Patient_1_test_segment_1738.mat,1,0
Patient_1_test_segment_1739.mat,1,1
Patient_1_test_segment_1740.mat,1,1
Patient_1_test_segment_1741.mat,0,1
Patient_1_test_segment_1742.mat,1,1
Patient_1_test_segment_1743.mat,0,1
Patient_1_test_segment_1744.mat,0,1
Patient_1_test_segment_1745.mat,0,1
Patient_1_test_segment_1746.mat,0,0
Patient_1_test_segment_1747.mat,0,1
Patient_1_test_segment_1748.mat,0,1
Patient_1_test_segment_1749.mat,1,1
Patient_1_test_segment_1750.mat,0,1
Patient_1_test_segment_1751.mat,0,0
Patient_1_test_segment_1752.mat,0,0
Patient_1_test_segment_1753.mat,0,1
Patient_1_test_segment_1754.mat,0,0
Patient_1_test_segment_1755.mat,0,0
Patient_1_test_segment_1756.mat,0,1
Patient_1_test_segment_1757.mat,1,0
Patient_1_test_segment_1758.mat,0,0
Patient_1_test_segment_1759.mat,0,1
Patient_1_test_segment_1760.mat,0,1
Patient_1_test_segment_1761.mat,1,1
Patient_1_test_segment_1762.mat,1,0
Patient_1_test_segment_1763.mat,1,0
Patient_1_test_segment_1764.mat,0,0
Patient_1_test_segment_1765.mat,0,1
Patient_1_test_segment_1766.mat,0,0
Patient_1_test_segment_1767.mat,0,0
Patient_1_test_segment_1768.mat,1,1
Patient_1_test_segment_1769.mat,1,1
Patient_1_test_segment_1770.mat,0,1
Patient_1_test_segment_1771.mat,1,1
Patient_1_test_segment_1772.mat,1,1
Patient_1_test_segment_1773.mat,0,0
Patient_1_test_segment_1774.mat,0,0
Patient_1_test_segment_1775.mat,1,0
Patient_1_test_segment_1776.mat,0,0
Patient_1_test_segment_1777.mat,1,1
Patient_1_test_segment_1778.mat,1,0
Patient_1_test_segment_1779.mat,0,0
Patient_1_test_segment_1780.mat,0,1
Patient_1_test_segment_1781.mat,1,1
Patient_1_test_segment_1782.mat,1,0
Patient_1_test_segment_1783.mat,1,0
Patient_1_test_segment_1784.mat,1,1
Patient_1_test_segment_1785.mat,1,0
Patient_1_test_segment_1786.mat,1,0
Patient_1_test_segment_1787.mat,0,0
Patient_1_test_segment_1788.mat,1,0
Patient_1_test_segment_1789.mat,0,0
Patient_1_test_segment_1790.mat,0,0
Patient_1_test_segment_1791.mat,1,0
Patient_1_test_segment_1792.mat,1,0
Patient_1_test_segment_1793.mat,0,1
Patient_1_test_segment_1794.mat,1,1
Patient_1_test_segment_1795.mat,0,0
Patient_1_test_segment_1796.mat,0,1
Patient_1_test_segment_1797.mat,0,0
Patient_1_test_segment_1798.mat,0,1
Patient_1_test_segment_1799.mat,1,1
Patient_1_test_segment_1800.mat,0,0
Patient_1_test_segment_1801.mat,1,1
Patient_1_test_segment_1802.mat,0,1
Patient_1_test_segment_1803.mat,0,0
Patient_1_test_segment_1804.mat,0,0
Patient_1_test_segment_1805.mat,1,0
Patient_1_test_segment_1806.mat,1,1
Patient_1_test_segment_1807.mat,0,1
Patient_1_test_segment_1808.mat,0,0
Patient_1_test_segment_1809.mat,0,1
Patient_1_test_segment_1810.mat,0,1
Patient_1_test_segment_1811.mat,0,1
Patient_1_test_segment_1812.mat,1,1
Patient_1_test_segment_1813.mat,0,1
Patient_1_test_segment_1814.mat,0,1
Patient_1_test_segment_1815.mat,0,1
Patient_1_test_segment_1816.mat,0,0
Patient_1_test_segment_1817.mat,0,0
Patient_1_test_segment_1818.mat,1,1
Patient_1_test_segment_1819.mat,0,1
Patient_1_test_segment_1820.mat,0,0
Patient_1_test_segment_1821.mat,0,0
Patient_1_test_segment_1822.mat,1,1
Patient_1_test_segment_1823.mat,0,1
Patient_1_test_segment_1824.mat,1,0
Patient_1_test_segment_1825.mat,0,0
Patient_1_test_segment_1826.mat,0,0
Patient_1_test_segment_1827.mat,0,1
Patient_1_test_segment_1828.mat,1,0
Patient_1_test_segment_1829.mat,0,1
Patient_1_test_segment_1830.mat,1,1
Patient_1_test_segment_1831.mat,1,1
Patient_1_test_segment_1832.mat,0,1
Patient_1_test_segment_1833.mat,1,0
Patient_1_test_segment_1834.mat,0,0
Patient_1_test_segment_1835.mat,1,0
Patient_1_test_segment_1836.mat,1,1
Patient_1_test_segment_1837.mat,0,0
Patient_1_test_segment_1838.mat,0,1
Patient_1_test_segment_1839.mat,0,0
Patient_1_test_segment_1840.mat,0,1
Patient_1_test_segment_1841.mat,1,1
Patient_1_test_segment_1842.mat,0,1
Patient_1_test_segment_1843.mat,0,1
Patient_1_test_segment_1844.mat,0,0
Patient_1_test_segment_1845.mat,0,1
Patient_1_test_segment_1846.mat,0,0
Patient_1_test_segment_1847.mat,0,1
Patient_1_test_segment_1848.mat,0,1
Patient_1_test_segment_1849.mat,0,0
Patient_1_test_segment_1850.mat,1,1
Patient_1_test_segment_1851.mat,0,1
Patient_1_test_segment_1852.mat,0,0
Patient_1_test_segment_1853.mat,0,1
Patient_1_test_segment_1854.mat,1,0
Patient_1_test_segment_1855.mat,1,1
Patient_1_test_segment_1856.mat,1,1
Patient_1_test_segment_1857.mat,1,0
Patient_1_test_segment_1858.mat,1,0
Patient_1_test_segment_1859.mat,1,0
Patient_1_test_segment_1860.mat,1,0
Patient_1_test_segment_1861.mat,0,0
Patient_1_test_segment_1862.mat,1,1
Patient_1_test_segment_1863.mat,1,1
Patient_1_test_segment_1864.mat,1,1
Patient_1_test_segment_1865.mat,0,1
Patient_1_test_segment_1866.mat,1,0
Patient_1_test_segment_1867.mat,1,1
Patient_1_test_segment_1868.mat,0,1
Patient_1_test_segment_1869.mat,1,1
Patient_1_test_segment_1870.mat,0,0
Patient_1_test_segment_1871.mat,1,0
Patient_1_test_segment_1872.mat,0,0
Patient_1_test_segment_1873.mat,0,1
Patient_1_test_segment_1874.mat,1,1
Patient_1_test_segment_1875.mat,0,0
Patient_1_test_segment_1876.mat,0,1
Patient_1_test_segment_1877.mat,1,1
Patient_1_test_segment_1878.mat,1,1
Patient_1_test_segment_1879.mat,0,0
Patient_1_test_segment_1880.mat,1,0
Patient_1_test_segment_1881.mat,1,0
Patient_1_test_segment_1882.mat,0,0
Patient_1_test_segment_1883.mat,1,1
Patient_1_test_segment_1884.mat,0,0
Patient_1_test_segment_1885.mat,0,0
Patient_1_test_segment_1886.mat,0,1
Patient_1_test_segment_1887.mat,1,1
Patient_1_test_segment_1888.mat,0,0
Patient_1_test_segment_1889.mat,1,0
Patient_1_test_segment_1890.mat,0,0
Patient_1_test_segment_1891.mat,0,1
Patient_1_test_segment_1892.mat,1,1
Patient_1_test_segment_1893.mat,0,0
Patient_1_test_segment_1894.mat,0,1
Patient_1_test_segment_1895.mat,0,1
Patient_1_test_segment_1896.mat,0,1
Patient_1_test_segment_1897.mat,1,0
Patient_1_test_segment_1898.mat,0,0
Patient_1_test_segment_1899.mat,0,1
Patient_1_test_segment_1900.mat,1,1
Patient_1_test_segment_1901.mat,0,0
Patient_1_test_segment_1902.mat,1,1
Patient_1_test_segment_1903.mat,0,0
Patient_1_test_segment_1904.mat,1,1
Patient_1_test_segment_1905.mat,1,0
Patient_1_test_segment_1906.mat,0,0
Patient_1_test_segment_1907.mat,0,1
Patient_1_test_segment_1908.mat,0,0
Patient_1_test_segment_1909.mat,0,0
Patient_1_test_segment_1910.mat,0,0
Patient_1_test_segment_1911.mat,1,0
Patient_1_test_segment_1912.mat,1,0
Patient_1_test_segment_1913.mat,1,1
Patient_1_test_segment_1914.mat,0,1
Patient_1_test_segment_1915.mat,0,0
Patient_1_test_segment_1916.mat,1,0
Patient_1_test_segment_1917.mat,0,1
Patient_1_test_segment_1918.mat,0,0
Patient_1_test_segment_1919.mat,1,1
Patient_1_test_segment_1920.mat,0,1
Patient_1_test_segment_1921.mat,0,0
Patient_1_test_segment_1922.mat,0,1
Patient_1_test_segment_1923.mat,1,1
Patient_1_test_segment_1924.mat,1,1
Patient_1_test_segment_1925.mat,1,0
Patient_1_test_segment_1926.mat,1,1
Patient_1_test_segment_1927.mat,0,0
Patient_1_test_segment_1928.mat,1,0
Patient_1_test_segment_1929.mat,0,0
Patient_1_test_segment_1930.mat,1,1
Patient_1_test_segment_1931.mat,0,1
Patient_1_test_segment_1932.mat,1,1
Patient_1_test_segment_1933.mat,0,1
Patient_1_test_segment_1934.mat,0,1
Patient_1_test_segment_1935.mat,0,0
Patient_1_test_segment_1936.mat,1,1
Patient_1_test_segment_1937.mat,0,1
Patient_1_test_segment_1938.mat,0,1
Patient_1_test_segment_1939.mat,0,1
Patient_1_test_segment_1940.mat,1,1
Patient_1_test_segment_1941.mat,1,1
Patient_1_test_segment_1942.mat,0,0
Patient_1_test_segment_1943.mat,0,1
Patient_1_test_segment_1944.mat,1,1
Patient_1_test_segment_1945.mat,0,0
Patient_1_test_segment_1946.mat,0,1
Patient_1_test_segment_1947.mat,1,0
Patient_1_test_segment_1948.mat,1,0
Patient_1_test_segment_1949.mat,1,0
Patient_1_test_segment_1950.mat,1,1
Patient_1_test_segment_1951.mat,0,0
Patient_1_test_segment_1952.mat,0,0
Patient_1_test_segment_1953.mat,1,1
Patient_1_test_segment_1954.mat,0,1
Patient_1_test_segment_1955.mat,0,0
Patient_1_test_segment_1956.mat,0,1
Patient_1_test_segment_1957.mat,0,0
Patient_1_test_segment_1958.mat,0,1
Patient_1_test_segment_1959.mat,0,1
Patient_1_test_segment_1960.mat,0,1
Patient_1_test_segment_1961.mat,1,0
Patient_1_test_segment_1962.mat,0,0
Patient_1_test_segment_1963.mat,0,0
Patient_1_test_segment_1964.mat,1,0
Patient_1_test_segment_1965.mat,0,0
Patient_1_test_segment_1966.mat,0,1
Patient_1_test_segment_1967.mat,0,1
Patient_1_test_segment_1968.mat,1,0
Patient_1_test_segment_1969.mat,1,1
Patient_1_test_segment_1970.mat,0,1
Patient_1_test_segment_1971.mat,1,0
Patient_1_test_segment_1972.mat,0,1
Patient_1_test_segment_1973.mat,1,1
Patient_1_test_segment_1974.mat,1,0
Patient_1_test_segment_1975.mat,1,1
Patient_1_test_segment_1976.mat,1,1
Patient_1_test_segment_1977.mat,0,0
Patient_1_test_segment_1978.mat,0,1
Patient_1_test_segment_1979.mat,0,1
Patient_1_test_segment_1980.mat,1,1
Patient_1_test_segment_1981.mat,0,0
Patient_1_test_segment_1982.mat,0,0
Patient_1_test_segment_1983.mat,1,1
Patient_1_test_segment_1984.mat,1,1
Patient_1_test_segment_1985.mat,1,0
Patient_1_test_segment_1986.mat,0,0
Patient_1_test_segment_1987.mat,0,0
Patient_1_test_segment_1988.mat,0,1
Patient_1_test_segment_1989.mat,0,0
Patient_1_test_segment_1990.mat,1,0
Patient_1_test_segment_1991.mat,1,1
Patient_1_test_segment_1992.mat,0,1
Patient_1_test_segment_1993.mat,1,1
Patient_1_test_segment_1994.mat,0,1
Patient_1_test_segment_1995.mat,0,1
Patient_1_test_segment_1996.mat,1,0
Patient_1_test_segment_1997.mat,0,0
Patient_1_test_segment_1998.mat,0,1
Patient_1_test_segment_1999.mat,0,0
Patient_1_test_segment_2000.mat,0,1
Patient_1_test_segment_2001.mat,1,0
Patient_1_test_segment_2002.mat,0,0
Patient_1_test_segment_2003.mat,0,1
Patient_1_test_segment_2004.mat,0,0
Patient_1_test_segment_2005.mat,1,0
Patient_1_test_segment_2006.mat,1,1
Patient_1_test_segment_2007.mat,1,1
Patient_1_test_segment_2008.mat,0,1
Patient_1_test_segment_2009.mat,0,1
Patient_1_test_segment_2010.mat,1,1
Patient_1_test_segment_2011.mat,0,0
Patient_1_test_segment_2012.mat,1,0
Patient_1_test_segment_2013.mat,0,0
Patient_1_test_segment_2014.mat,0,0
Patient_1_test_segment_2015.mat,1,1
Patient_1_test_segment_2016.mat,0,0
Patient_1_test_segment_2017.mat,0,1
Patient_1_test_segment_2018.mat,1,1
Patient_1_test_segment_2019.mat,0,1
Patient_1_test_segment_2020.mat,0,1
Patient_1_test_segment_2021.mat,0,0
Patient_1_test_segment_2022.mat,0,0
Patient_1_test_segment_2023.mat,0,1
Patient_1_test_segment_2024.mat,1,1
Patient_1_test_segment_2025.mat,1,1
Patient_1_test_segment_2026.mat,0,1
Patient_1_test_segment_2027.mat,0,1
Patient_1_test_segment_2028.mat,1,1
Patient_1_test_segment_2029.mat,1,0
Patient_1_test_segment_2030.mat,0,0
Patient_1_test_segment_2031.mat,0,0
Patient_1_test_segment_2032.mat,0,1
Patient_1_test_segment_2033.mat,0,0
Patient_1_test_segment_2034.mat,1,0
Patient_1_test_segment_2035.mat,1,1
Patient_1_test_segment_2036.mat,1,0
Patient_1_test_segment_2037.mat,0,1
Patient_1_test_segment_2038.mat,1,0
Patient_1_test_segment_2039.mat,0,0
Patient_1_test_segment_2040.mat,0,1
Patient_1_test_segment_2041.mat,1,1
Patient_1_test_segment_2042.mat,0,0
Patient_1_test_segment_2043.mat,0,1
Patient_1_test_segment_2044.mat,0,0
Patient_1_test_segment_2045.mat,0,1
Patient_1_test_segment_2046.mat,0,0
Patient_1_test_segment_2047.mat,1,0
Patient_1_test_segment_2048.mat,0,0
Patient_1_test_segment_2049.mat,1,1
Patient_1_test_segment_2050.mat,1,1
